{
	"name": "Grenze Gotisch",
	"faces": [
		{
			"name": "Thin",
			"weight": 100,
			"style": "normal",
			"assetId": "rbxassetid://8075131149"
		},
		{
			"name": "Extra Light",
			"weight": 200,
			"style": "normal",
			"assetId": "rbxassetid://8075125354"
		},
		{
			"name": "Light",
			"weight": 300,
			"style": "normal",
			"assetId": "rbxassetid://8075126665"
		},
		{
			"name": "Regular",
			"weight": 400,
			"style": "normal",
			"assetId": "rbxasset://fonts/GrenzeGotisch-Regular.ttf"
		},
		{
			"name": "Medium",
			"weight": 500,
			"style": "normal",
			"assetId": "rbxassetid://8075128072"
		},
		{
			"name": "Semi Bold",
			"weight": 600,
			"style": "normal",
			"assetId": "rbxassetid://8075129532"
		},
		{
			"name": "Bold",
			"weight": 700,
			"style": "normal",
			"assetId": "rbxasset://fonts/GrenzeGotisch-Bold.ttf"
		},
		{
			"name": "Extra Bold",
			"weight": 800,
			"style": "normal",
			"assetId": "rbxassetid://8075124119"
		},
		{
			"name": "Black",
			"weight": 900,
			"style": "normal",
			"assetId": "rbxassetid://8075122560"
		}
	]
}
